Date,Revenue,Revenue_lgbm,Revenue_seasonal,COGS,COGS_lgbm,COGS_seasonal
2023-01-01,1947734.7188840415,1947734.7188840415,2932155.47,1836915.6224126895,1836915.6224126895,3019583.5
2023-01-02,2003709.1765540524,2003709.1765540524,2361965.0,1554147.4175251466,1554147.4175251466,2368851.11
2023-01-03,1568426.5441656995,1568426.5441656995,545563.72,1077141.599355389,1077141.599355389,476501.31
2023-01-04,1112617.015401354,1112617.015401354,1242319.38,763051.3295152895,763051.3295152895,1057834.07
2023-01-05,951346.6691283304,951346.6691283304,809977.6,720220.5162122413,720220.5162122413,684605.3
2023-01-06,1028604.1551061996,1028604.1551061996,993048.62,816981.4529096116,816981.4529096116,827696.4
2023-01-07,1253527.4356188527,1253527.4356188527,1294963.64,998614.950664445,998614.950664445,1109631.82
2023-01-08,1436637.3632353111,1436637.3632353111,1641747.05,1158352.1309547478,1158352.1309547478,1369252.03
2023-01-09,1600537.1906694665,1600537.1906694665,1706485.37,1168557.1669005689,1168557.1669005689,1491356.56
2023-01-10,1617980.543374484,1617980.543374484,2569113.21,1199769.7487295882,1199769.7487295882,2158709.88
2023-01-11,1528801.7072129338,1528801.7072129338,1640806.35,1077178.4910802082,1077178.4910802082,1336967.26
2023-01-12,1481163.9146831275,1481163.9146831275,1775526.5,1025536.7754117309,1025536.7754117309,1506945.6
2023-01-13,1279903.736583359,1279903.736583359,1173172.99,926421.7059528233,926421.7059528233,946254.56
2023-01-14,1426644.0254967844,1426644.0254967844,1548726.82,1008196.6294137684,1008196.6294137684,1300219.1
2023-01-15,1485435.2191860406,1485435.2191860406,1461990.71,1091393.5480434448,1091393.5480434448,1263054.33
2023-01-16,1738441.2628804299,1738441.2628804299,2064339.13,1225459.9099398197,1225459.9099398197,1781850.02
2023-01-17,1881788.3719726664,1881788.3719726664,1621773.2,1270422.8507041435,1270422.8507041435,1340632.16
2023-01-18,1857021.6136978946,1857021.6136978946,1861205.18,1082225.9921509922,1082225.9921509922,1606509.55
2023-01-19,1748286.0353940197,1748286.0353940197,2020862.53,1062559.642985437,1062559.642985437,1738187.82
2023-01-20,1515113.2700476144,1515113.2700476144,1249233.56,1019617.9837750948,1019617.9837750948,1043117.49
2023-01-21,1544103.0913155114,1544103.0913155114,1580948.85,1038037.1288100756,1038037.1288100756,1245282.02
2023-01-22,1521190.323006538,1521190.323006538,1758593.8,1120948.0700799183,1120948.0700799183,1468639.94
2023-01-23,1644740.3168553773,1644740.3168553773,1785338.17,1207048.614461285,1207048.614461285,1512426.38
2023-01-24,1614221.5415216307,1614221.5415216307,1915906.28,1231381.316749544,1231381.316749544,1601822.71
2023-01-25,1777270.7649665822,1777270.7649665822,2471179.3,1332133.828481988,1332133.828481988,1957064.07
2023-01-26,1985506.9036813711,1985506.9036813711,2278973.82,1392182.574487362,1392182.574487362,1903209.07
2023-01-27,2241639.5183112924,2241639.5183112924,1604489.99,1512257.4607408924,1512257.4607408924,1290075.13
2023-01-28,2388396.404615727,2388396.404615727,2792317.48,1626008.1905740711,1626008.1905740711,2306948.5
2023-01-29,2329660.4699131637,2329660.4699131637,3897632.5,1770950.9133294676,1770950.9133294676,3247780.03
2023-01-30,2275779.006514755,2275779.006514755,3903300.55,1800243.8784815816,1800243.8784815816,3262713.48
2023-01-31,2138272.9157226575,2138272.9157226575,3159829.55,1651843.9676544934,1651843.9676544934,2627738.4
2023-02-01,2277939.1096562636,2277939.1096562636,3672475.88,1529373.1943287633,1529373.1943287633,3092119.13
2023-02-02,2215782.52612359,2215782.52612359,3072419.17,1351334.4517920688,1351334.4517920688,2457270.01
2023-02-03,1763692.6866717732,1763692.6866717732,1056919.3,1023578.4708495844,1023578.4708495844,915391.24
2023-02-04,1445063.4600877673,1445063.4600877673,1135262.35,923442.2095949056,923442.2095949056,959597.02
2023-02-05,1271934.3475134727,1271934.3475134727,1325806.77,1084138.039942328,1084138.039942328,1094262.79
2023-02-06,1272604.972775952,1272604.972775952,1360544.32,1200124.5568490396,1200124.5568490396,1086414.25
2023-02-07,1410551.9411525477,1410551.9411525477,1777072.87,1198089.8587957316,1198089.8587957316,1505671.69
2023-02-08,1457013.5314822232,1457013.5314822232,2324022.32,1186348.9524636017,1186348.9524636017,1858719.97
2023-02-09,1535100.9966349555,1535100.9966349555,2087968.13,1108723.407017368,1108723.407017368,1716217.3
2023-02-10,1620615.784248345,1620615.784248345,1681958.09,1125364.5356075445,1125364.5356075445,1377183.24
2023-02-11,1604095.263752834,1604095.263752834,1868277.55,1118428.8700406258,1118428.8700406258,1450465.3
2023-02-12,1736892.0907887295,1736892.0907887295,2483675.48,1327851.2801621568,1327851.2801621568,2002526.57
2023-02-13,1910038.7947260425,1910038.7947260425,2471088.82,1468483.5830347927,1468483.5830347927,2037847.39
2023-02-14,2077540.5709233885,2077540.5709233885,2477651.08,1524638.5161201947,1524638.5161201947,2066561.36
2023-02-15,2101127.604105029,2101127.604105029,2911470.49,1444975.121319043,1444975.121319043,2304155.38
2023-02-16,2087937.6426903182,2087937.6426903182,3189077.73,1429260.5983392296,1429260.5983392296,2624063.44
2023-02-17,2076514.363831231,2076514.363831231,2365001.98,1353594.3159905078,1353594.3159905078,1930644.21
2023-02-18,2115312.8697153507,2115312.8697153507,2218074.92,1300151.6015890907,1300151.6015890907,1902787.38
2023-02-19,2258481.2096373457,2258481.2096373457,2497284.24,1335255.0971867272,1335255.0971867272,2073056.25
2023-02-20,2443108.6718325634,2443108.6718325634,3274514.0,1614143.353436905,1614143.353436905,2808978.4
2023-02-21,2347714.4021341274,2347714.4021341274,3231879.49,1646892.5306586968,1646892.5306586968,2662096.96
2023-02-22,2444351.3658186705,2444351.3658186705,3646117.64,1690868.5624900896,1690868.5624900896,3080342.28
2023-02-23,2395808.785818124,2395808.785818124,3297595.34,1678585.7737590114,1678585.7737590114,2768284.27
2023-02-24,2379112.0436365437,2379112.0436365437,2768850.97,1570996.1001581147,1570996.1001581147,2337359.85
2023-02-25,2478770.128760965,2478770.128760965,2943786.98,1614366.3365164879,1614366.3365164879,2445090.2
2023-02-26,2782278.4660317623,2782278.4660317623,6304749.98,2000379.3740802207,2000379.3740802207,4896174.07
2023-02-27,3027212.726148269,3027212.726148269,5652340.75,2040832.0500695736,2040832.0500695736,4889448.26
2023-02-28,2995063.8488706737,2995063.8488706737,6007208.86,2133280.815763096,2133280.815763096,4942844.92
2023-03-01,3063937.0977152726,3063937.0977152726,4532724.33,2324212.1527957665,2324212.1527957665,3774772.1
2023-03-02,2945694.492958042,2945694.492958042,5221766.09,2201094.2239036863,2201094.2239036863,4446394.75
2023-03-03,2267781.8510495787,2267781.8510495787,1113577.08,1441744.8252306487,1441744.8252306487,936517.95
2023-03-04,1784388.5334806272,1784388.5334806272,1265611.41,1148993.9056126515,1148993.9056126515,1001621.35
2023-03-05,1983630.853117081,1983630.853117081,1917604.21,1222959.581899533,1222959.581899533,1671253.56
2023-03-06,2204177.163040728,2204177.163040728,2406752.08,1397122.9712567073,1397122.9712567073,1881208.83
2023-03-07,2379383.4099499295,2379383.4099499295,3077438.94,1532935.2519065875,1532935.2519065875,2603663.56
2023-03-08,2668892.8626712314,2668892.8626712314,3777839.97,1811197.5652483285,1811197.5652483285,3199498.52
2023-03-09,2879193.762627158,2879193.762627158,4138590.91,1945477.1452564686,1945477.1452564686,3354044.48
2023-03-10,2820636.116670027,2820636.116670027,3544992.79,1789046.3248564429,1789046.3248564429,2897669.69
2023-03-11,2702273.95093291,2702273.95093291,3499825.21,1786033.8763619242,1786033.8763619242,2868355.02
2023-03-12,2706463.4079524293,2706463.4079524293,3731020.06,1853797.893061223,1853797.893061223,3230097.43
2023-03-13,2884794.0624139896,2884794.0624139896,4026635.22,2069998.4189335373,2069998.4189335373,3346220.86
2023-03-14,2867134.2078824206,2867134.2078824206,4709281.9,2107813.246073946,2107813.246073946,3928279.43
2023-03-15,3090434.8092136877,3090434.8092136877,4619237.89,2314805.6360962573,2314805.6360962573,3907599.13
2023-03-16,3199517.862806635,3199517.862806635,4519934.96,2392996.790894516,2392996.790894516,3787149.37
2023-03-17,3190333.2277082237,3190333.2277082237,5222281.22,2370734.1701202774,2370734.1701202774,4421275.88
2023-03-18,3222054.6757322703,3222054.6757322703,4426435.98,2303058.89876862,2303058.89876862,3648313.01
2023-03-19,3230288.582759236,3230288.582759236,4313906.61,2236598.6442277543,2236598.6442277543,3587200.12
2023-03-20,3349539.3847908066,3349539.3847908066,4198964.15,2339731.790069618,2339731.790069618,3744253.09
2023-03-21,3218322.2368931295,3218322.2368931295,4036051.82,2260221.736330482,2260221.736330482,3737447.21
2023-03-22,3320759.2602765784,3320759.2602765784,4626820.15,2377098.955345022,2377098.955345022,4342565.79
2023-03-23,3367187.1922035166,3367187.1922035166,5301842.45,2321823.795816347,2321823.795816347,4915987.31
2023-03-24,3308803.3791168216,3308803.3791168216,5052034.89,2287079.1246717675,2287079.1246717675,4744310.26
2023-03-25,3317848.6030985177,3317848.6030985177,4122489.22,2312868.483017044,2312868.483017044,4014534.97
2023-03-26,3339952.5112787765,3339952.5112787765,4325007.4,2284629.1442750464,2284629.1442750464,4010228.32
2023-03-27,3538495.176086569,3538495.176086569,5169170.11,2533384.8033434525,2533384.8033434525,4775502.11
2023-03-28,3422353.5134002436,3422353.5134002436,4855258.01,2733909.689034974,2733909.689034974,4607293.73
2023-03-29,3560612.8444451476,3560612.8444451476,4908504.49,2935948.9123611203,2935948.9123611203,4613958.54
2023-03-30,3640820.161343714,3640820.161343714,11643208.73,3345918.398338274,3345918.398338274,10896036.48
2023-03-31,3611155.9591441746,3611155.9591441746,9233141.0,3403660.5878089946,3403660.5878089946,8773718.15
2023-04-01,3530980.420061511,3530980.420061511,8299060.74,3350160.0324703944,3350160.0324703944,8041756.19
2023-04-02,3401764.584727488,3401764.584727488,8289456.22,3324540.0033955975,3324540.0033955975,7808017.19
2023-04-03,3324606.481386477,3324606.481386477,6547965.12,3168593.7714999104,3168593.7714999104,6148445.74
2023-04-04,2909614.2080687196,2909614.2080687196,1974536.55,2322982.7489521625,2322982.7489521625,1802524.97
2023-04-05,3020158.5930343885,3020158.5930343885,3017582.3,2185078.4265185995,2185078.4265185995,2782222.29
2023-04-06,3032314.4043982695,3032314.4043982695,2934004.6,2173740.9106877465,2173740.9106877465,2645021.55
2023-04-07,2841525.2226616805,2841525.2226616805,1947894.58,2047898.8963081627,2047898.8963081627,1833343.52
2023-04-08,2864855.766721244,2864855.766721244,2516364.3,1881686.4129351494,1881686.4129351494,2311523.71
2023-04-09,3129450.027260485,3129450.027260485,3523261.24,2086791.2070559503,2086791.2070559503,3380510.41
2023-04-10,3212729.606650791,3212729.606650791,3747690.93,2216056.8941139933,2216056.8941139933,3511278.1
2023-04-11,3183196.6597927,3183196.6597927,4187283.4,2346694.8826014623,2346694.8826014623,3982564.11
2023-04-12,3275511.642247001,3275511.642247001,4300020.35,2430376.889975793,2430376.889975793,4061975.74
2023-04-13,3319899.039871289,3319899.039871289,4888627.31,2531506.440376407,2531506.440376407,4546028.85
2023-04-14,3326811.0384016605,3326811.0384016605,4670014.27,2652612.2564765224,2652612.2564765224,4407778.78
2023-04-15,3331526.276709784,3331526.276709784,4908291.49,2635322.8631069944,2635322.8631069944,4288050.23
2023-04-16,3375668.5484860563,3375668.5484860563,5147946.06,2635774.477362259,2635774.477362259,4540748.11
2023-04-17,3391224.7287006383,3391224.7287006383,4470361.38,2735457.2915895297,2735457.2915895297,3877207.22
2023-04-18,3303866.20601021,3303866.20601021,3680888.01,2572908.222071124,2572908.222071124,2995894.73
2023-04-19,3257586.0153647508,3257586.0153647508,4426735.65,2576541.631123318,2576541.631123318,3630694.51
2023-04-20,3357119.9822013406,3357119.9822013406,4874458.71,2642175.356075713,2642175.356075713,4017615.85
2023-04-21,3108732.644108675,3108732.644108675,2926459.0,2303218.094439461,2303218.094439461,2418771.53
2023-04-22,3263073.688352947,3263073.688352947,4609506.19,2334723.999136107,2334723.999136107,3890393.56
2023-04-23,3426408.3259579544,3426408.3259579544,4709847.04,2432560.1461433666,2432560.1461433666,3925675.06
2023-04-24,3376210.8963669273,3376210.8963669273,5020542.99,2576571.639389605,2576571.639389605,4173556.86
2023-04-25,3289398.5129225603,3289398.5129225603,4873788.42,2649931.7678548596,2649931.7678548596,3954819.04
2023-04-26,3378666.035564717,3378666.035564717,5688161.6,2789882.001243579,2789882.001243579,4770812.83
2023-04-27,3310355.0138291493,3310355.0138291493,5361513.76,2691297.8599542514,2691297.8599542514,4376745.35
2023-04-28,3404902.42686482,3404902.42686482,5590934.3,2727071.43284993,2727071.43284993,4645081.23
2023-04-29,3561151.946686399,3561151.946686399,7579535.07,3017658.4054815127,3017658.4054815127,6187238.79
2023-04-30,3510028.9457201418,3510028.9457201418,6592777.23,2805853.109982816,2805853.109982816,5405333.92
2023-05-01,3536306.871811325,3536306.871811325,5680859.44,2801407.7657624185,2801407.7657624185,4706859.17
2023-05-02,3327484.0577475517,3327484.0577475517,4291036.44,2571881.807999703,2571881.807999703,3434252.59
2023-05-03,3441933.2015735246,3441933.2015735246,5504853.65,2732346.210128844,2732346.210128844,4531490.74
2023-05-04,2946739.3189868685,2946739.3189868685,1792730.62,2123254.0442080316,2123254.0442080316,1492900.17
2023-05-05,3129172.300311129,3129172.300311129,3556300.98,2062879.1333550063,2062879.1333550063,2916616.09
2023-05-06,2946102.067574898,2946102.067574898,2532060.94,1947739.6474361832,1947739.6474361832,2027456.78
2023-05-07,3262069.3496120027,3262069.3496120027,3620303.23,2028895.9255633687,2028895.9255633687,3000039.1
2023-05-08,3072889.4842269304,3072889.4842269304,2468343.71,2003860.7060388103,2003860.7060388103,1923320.47
2023-05-09,2950259.3287162785,2950259.3287162785,2985986.67,2043575.1451762812,2043575.1451762812,2430054.67
2023-05-10,3240441.679279324,3240441.679279324,3668495.19,2203829.275805416,2203829.275805416,2955983.75
2023-05-11,3350054.6415760457,3350054.6415760457,4347378.73,2414420.9448583797,2414420.9448583797,3521156.43
2023-05-12,3334595.820450435,3334595.820450435,4753134.02,2490283.79216635,2490283.79216635,3878195.49
2023-05-13,3321990.5098349536,3321990.5098349536,3479131.38,2420892.347637094,2420892.347637094,2953956.65
2023-05-14,3394346.453355898,3394346.453355898,4406804.98,2511640.608021354,2511640.608021354,3730445.32
2023-05-15,3431436.9992888467,3431436.9992888467,4455089.7,2710527.390435586,2710527.390435586,3604418.84
2023-05-16,3310357.780642803,3310357.780642803,4323621.35,2643887.411943725,2643887.411943725,3469983.75
2023-05-17,3356716.3887500367,3356716.3887500367,4158982.96,2713000.2396798213,2713000.2396798213,3363524.3
2023-05-18,3394633.938847278,3394633.938847278,6094171.87,2821438.2064726576,2821438.2064726576,4997123.61
2023-05-19,3348743.153747889,3348743.153747889,5824908.18,2660159.474996482,2660159.474996482,4737898.72
2023-05-20,3101047.9211166683,3101047.9211166683,2226534.2,2215524.0725637563,2215524.0725637563,1797128.71
2023-05-21,3360419.1388724577,3360419.1388724577,4033154.28,2347909.551473809,2347909.551473809,3341369.82
2023-05-22,3433437.3252039896,3433437.3252039896,5000275.74,2434370.9293637704,2434370.9293637704,4124194.76
2023-05-23,3341695.0015051137,3341695.0015051137,3647180.26,2459694.254729999,2459694.254729999,3055864.88
2023-05-24,3347431.7149093235,3347431.7149093235,4442598.36,2506290.644189915,2506290.644189915,3584450.45
2023-05-25,3452726.0797715564,3452726.0797715564,6573956.43,2664764.986574067,2664764.986574067,5501922.55
2023-05-26,3448282.0792459194,3448282.0792459194,6284218.49,2814170.5175447906,2814170.5175447906,5141408.99
2023-05-27,3355052.507762173,3355052.507762173,3652675.9,2597731.068834682,2597731.068834682,2933129.2
2023-05-28,3348890.8809244437,3348890.8809244437,3223975.84,2494502.1875874433,2494502.1875874433,2664148.14
2023-05-29,3445943.8157549445,3445943.8157549445,5327455.25,2624713.337393796,2624713.337393796,4413502.81
2023-05-30,3595683.658004527,3595683.658004527,8158502.0,3259627.237845849,3259627.237845849,6931185.72
2023-05-31,3527810.120111006,3527810.120111006,8513166.37,3573880.7439223765,3573880.7439223765,6787523.6
2023-06-01,3575932.302913917,3575932.302913917,8373363.4,3607918.162935273,3607918.162935273,7038218.52
2023-06-02,3495027.397065862,3495027.397065862,8325437.52,3366940.36023723,3366940.36023723,6796380.79
2023-06-03,3361882.5273423134,3361882.5273423134,6585522.44,2812581.1087706215,2812581.1087706215,5345747.87
2023-06-04,3084012.260387025,3084012.260387025,2998952.42,2289553.7675955133,2289553.7675955133,2492875.15
2023-06-05,2976094.9975497373,2976094.9975497373,2945501.79,2142195.969441286,2142195.969441286,2481566.23
2023-06-06,2929162.0451620184,2929162.0451620184,3100859.0,2109892.150991082,2109892.150991082,2519872.17
2023-06-07,3158740.8226388013,3158740.8226388013,3673238.8,2176892.7206792464,2176892.7206792464,3096187.02
2023-06-08,3248884.8631770033,3248884.8631770033,3686799.9,2265529.5942887156,2265529.5942887156,3086016.13
2023-06-09,3072798.069024124,3072798.069024124,2619038.14,2146721.774910349,2146721.774910349,2169844.13
2023-06-10,3376364.791376258,3376364.791376258,3369544.01,2310846.4343711147,2310846.4343711147,2830537.04
2023-06-11,3379789.078609331,3379789.078609331,4463584.56,2360933.758748084,2360933.758748084,3478666.52
2023-06-12,3440609.3660987285,3440609.3660987285,4561669.81,2495150.206570249,2495150.206570249,3820200.11
2023-06-13,3363730.2348822257,3363730.2348822257,4221162.05,2542218.928035558,2542218.928035558,3579316.15
2023-06-14,3368607.1199640054,3368607.1199640054,4843640.76,2709030.06945048,2709030.06945048,3943051.0
2023-06-15,3348657.05632602,3348657.05632602,4969823.53,2719303.490523074,2719303.490523074,4197066.37
2023-06-16,3400583.7174899443,3400583.7174899443,4143877.35,2743411.7965851617,2743411.7965851617,3546880.86
2023-06-17,3396928.1952230856,3396928.1952230856,4914374.7,2685602.3735772534,2685602.3735772534,4127718.74
2023-06-18,3410238.149669608,3410238.149669608,4817780.87,2660037.1583400997,2660037.1583400997,3824360.06
2023-06-19,3338029.902989067,3338029.902989067,3795086.21,2611404.316274734,2611404.316274734,3161112.99
2023-06-20,3284661.5330125634,3284661.5330125634,3323030.57,2565543.1968652066,2565543.1968652066,2753309.16
2023-06-21,3310636.089300095,3310636.089300095,4271838.09,2670758.647733683,2670758.647733683,3517936.59
2023-06-22,3386036.335109761,3386036.335109761,5182306.11,2780050.6299838307,2780050.6299838307,4283552.22
2023-06-23,3284595.753981991,3284595.753981991,3276933.23,2626061.690439321,2626061.690439321,2698817.37
2023-06-24,3285111.4606578294,3285111.4606578294,4334289.08,2688823.5923779793,2688823.5923779793,3840132.24
2023-06-25,3278864.408726905,3278864.408726905,3650772.37,2642833.0853571077,2642833.0853571077,3465656.03
2023-06-26,3228281.522477031,3228281.522477031,3313898.55,2587574.0465040035,2587574.0465040035,3251613.07
2023-06-27,3224655.0888693887,3224655.0888693887,3481464.68,2612145.408887133,2612145.408887133,3545701.77
2023-06-28,3387724.4985512723,3387724.4985512723,5799352.35,2923975.675373783,2923975.675373783,5797836.84
2023-06-29,3550034.5910695507,3550034.5910695507,7265484.49,3422375.1362795723,3422375.1362795723,7471904.08
2023-06-30,3387438.782790527,3387438.782790527,5503799.91,3148415.0692131426,3148415.0692131426,5548808.71
2023-07-01,3334103.015956088,3334103.015956088,5150082.22,2921287.644539822,2921287.644539822,5158929.6
2023-07-02,3331956.7293823846,3331956.7293823846,4591824.74,2700429.6344621247,2700429.6344621247,4681370.69
2023-07-03,3274170.750200105,3274170.750200105,3487232.0,2609291.0261020567,2609291.0261020567,3467227.39
2023-07-04,2452369.3101187623,2452369.3101187623,1208545.64,1961096.861208102,1961096.861208102,1210803.29
2023-07-05,1993684.2603803931,1993684.2603803931,1079245.09,1445745.4755654046,1445745.4755654046,1067117.75
2023-07-06,2234211.6736928644,2234211.6736928644,2003115.26,1603414.7290523057,1603414.7290523057,1958001.67
2023-07-07,2786843.292883368,2786843.292883368,2178171.4,1648935.0630781346,1648935.0630781346,2191625.58
2023-07-08,2798767.2765782387,2798767.2765782387,1881078.1,1678334.1985529885,1678334.1985529885,1982500.01
2023-07-09,2744437.3853051267,2744437.3853051267,1988747.3,1725565.2196772422,1725565.2196772422,2091746.39
2023-07-10,2834872.4877176885,2834872.4877176885,2250020.87,1831450.8973830263,1831450.8973830263,2249417.16
2023-07-11,2824465.8620636407,2824465.8620636407,3085208.06,2116839.3628943036,2116839.3628943036,3120714.69
2023-07-12,2759582.997625066,2759582.997625066,3275001.85,2086298.5992181408,2086298.5992181408,3465716.5
2023-07-13,2851055.3675233447,2851055.3675233447,3331997.68,2121250.3273135517,2121250.3273135517,3265956.0
2023-07-14,2956505.974511653,2956505.974511653,3428606.64,2159125.4467625725,2159125.4467625725,3482102.84
2023-07-15,3077374.1725877556,3077374.1725877556,3272104.3,2266274.8388682855,2266274.8388682855,3382105.17
2023-07-16,3080707.004379871,3080707.004379871,3060600.17,2292707.483561482,2292707.483561482,3054594.29
2023-07-17,3176278.0654549343,3176278.0654549343,3238870.01,2362315.726470083,2362315.726470083,3239433.47
2023-07-18,3065317.480883871,3065317.480883871,3305333.1,2350806.461534757,2350806.461534757,3363292.96
2023-07-19,2952820.1532433853,2952820.1532433853,3101945.44,2291848.7583561903,2291848.7583561903,3019090.18
2023-07-20,3033194.288030775,3033194.288030775,3436240.82,2334296.0288676727,2334296.0288676727,3222539.9
2023-07-21,3121098.3458494605,3121098.3458494605,3596036.01,2331323.485820015,2331323.485820015,3119249.05
2023-07-22,2817493.33018216,2817493.33018216,2771453.13,2134541.1939732195,2134541.1939732195,2364982.84
2023-07-23,3109343.8111550063,3109343.8111550063,4190232.53,2330903.27422761,2330903.27422761,3612754.83
2023-07-24,3307916.921026777,3307916.921026777,3833852.9,2386736.047795731,2386736.047795731,3118207.38
2023-07-25,2879069.339673741,2879069.339673741,2614143.21,2152843.9607376363,2152843.9607376363,2099890.98
2023-07-26,2998128.122024836,2998128.122024836,3176075.37,2256619.38922822,2256619.38922822,2651641.17
2023-07-27,3136154.799895229,3136154.799895229,4214912.76,2386912.2904533474,2386912.2904533474,3467925.47
2023-07-28,3273212.7078704447,3273212.7078704447,4859620.98,2454052.732879203,2454052.732879203,3942867.94
2023-07-29,3189948.8152409145,3189948.8152409145,3226100.81,2368755.664315262,2368755.664315262,2681143.22
2023-07-30,2888995.3134960844,2888995.3134960844,2682461.47,2207208.9827462155,2207208.9827462155,2137462.32
2023-07-31,3090914.0066076783,3090914.0066076783,4622917.86,2477062.494172772,2477062.494172772,3735517.99
2023-08-01,3202229.5766718853,3202229.5766718853,4081818.17,2481456.3015572056,2481456.3015572056,3201046.8
2023-08-02,3192362.735664988,3192362.735664988,4490226.96,2481674.564977685,2481674.564977685,3711709.11
2023-08-03,3198845.8955738926,3198845.8955738926,5085558.26,2445554.1771392063,2445554.1771392063,4209543.55
2023-08-04,3259011.7868430186,3259011.7868430186,4345026.44,2456285.5051752958,2456285.5051752958,3614349.89
2023-08-05,2839488.5845615547,2839488.5845615547,2114789.45,2040956.9439437962,2040956.9439437962,1780212.48
2023-08-06,2831734.7424274734,2831734.7424274734,2325289.52,1898820.7848206193,1898820.7848206193,2017328.21
2023-08-07,2846172.4903539373,2846172.4903539373,2331541.43,1886287.4241123067,1886287.4241123067,1882527.46
2023-08-08,2904670.1358058606,2904670.1358058606,3054473.91,1948230.1259011687,1948230.1259011687,2576748.48
2023-08-09,2694406.3238930847,2694406.3238930847,2488386.71,1865280.0812066402,1865280.0812066402,1932711.49
2023-08-10,2821131.3650630815,2821131.3650630815,2963483.62,1891989.534451299,1891989.534451299,2399743.47
2023-08-11,2994192.66473404,2994192.66473404,3674343.1,2091846.5714892785,2091846.5714892785,3109434.98
2023-08-12,2812920.3567767492,2812920.3567767492,2787707.25,2063445.4638770772,2063445.4638770772,2241846.4
2023-08-13,2714519.237412502,2714519.237412502,1789226.45,1863252.9009030797,1863252.9009030797,1446390.99
2023-08-14,2829681.7744290596,2829681.7744290596,2557373.24,1942495.3305614188,1942495.3305614188,2109123.95
2023-08-15,3017050.4150306107,3017050.4150306107,3869248.63,2144202.589330521,2144202.589330521,3309171.5
2023-08-16,3014314.491400053,3014314.491400053,3139997.28,2198456.5916807735,2198456.5916807735,2622848.5
2023-08-17,3078626.604991888,3078626.604991888,3480892.06,2271381.7445016988,2271381.7445016988,2948849.64
2023-08-18,3269095.0352378218,3269095.0352378218,4171974.77,2392739.558223506,2392739.558223506,3471070.42
2023-08-19,2795969.265065652,2795969.265065652,2011108.63,2002317.6795319908,2002317.6795319908,1643391.76
2023-08-20,2833066.0013675867,2833066.0013675867,2479005.37,1958854.7557723084,1958854.7557723084,2092133.98
2023-08-21,2829130.2645350113,2829130.2645350113,2235990.02,2014958.6935450437,2014958.6935450437,1905397.24
2023-08-22,3079675.187136644,3079675.187136644,3743695.22,2177564.5824608984,2177564.5824608984,3095599.8
2023-08-23,2740543.6022834224,2740543.6022834224,2422220.1,2069735.7102087715,2069735.7102087715,1951701.71
2023-08-24,3044272.250374306,3044272.250374306,3292983.26,2144387.498064614,2144387.498064614,2679505.93
2023-08-25,3141325.816315514,3141325.816315514,3512475.16,2305598.1910365326,2305598.1910365326,2996327.54
2023-08-26,3119355.2347767926,3119355.2347767926,3544046.7,2274726.3261869415,2274726.3261869415,2980867.4
2023-08-27,2747230.224794695,2747230.224794695,2367664.33,2074137.7417964148,2074137.7417964148,1897436.06
2023-08-28,3132719.2265677513,3132719.2265677513,7051722.27,2379847.9277302856,2379847.9277302856,5879145.36
2023-08-29,3386730.771971233,3386730.771971233,7928796.83,2939279.4904013523,2939279.4904013523,6503005.43
2023-08-30,3326243.8210564656,3326243.8210564656,6574345.89,2797661.5518704136,2797661.5518704136,5482415.72
2023-08-31,3392861.937775458,3392861.937775458,7627532.44,3079947.9865799015,3079947.9865799015,6341793.09
2023-09-01,3292106.4001046037,3292106.4001046037,6284732.49,2728471.940352968,2728471.940352968,5155753.38
2023-09-02,2820726.9845470497,2820726.9845470497,1902817.9,2220305.3646316044,2220305.3646316044,1746845.19
2023-09-03,2563380.2277654805,2563380.2277654805,1443083.36,1848850.652676772,1848850.652676772,1319555.66
2023-09-04,2502947.9454702474,2502947.9454702474,1814811.35,1749989.8311441645,1749989.8311441645,1668265.18
2023-09-05,2626293.4885462937,2626293.4885462937,2214621.47,1707757.3949772643,1707757.3949772643,2091481.45
2023-09-06,2551998.339653987,2551998.339653987,1440405.44,1551531.0782802545,1551531.0782802545,1324005.11
2023-09-07,2509802.7625642098,2509802.7625642098,1890879.55,1501083.0298938418,1501083.0298938418,1717460.94
2023-09-08,2787313.6862358153,2787313.6862358153,3137260.99,1824832.5795271033,1824832.5795271033,2854328.48
2023-09-09,2736098.0757453684,2736098.0757453684,1905843.43,1749948.3110218167,1749948.3110218167,1773901.8
2023-09-10,2760158.056750104,2760158.056750104,3003150.84,1748672.1328481296,1748672.1328481296,2629180.97
2023-09-11,2940409.8555203513,2940409.8555203513,3574194.77,1913822.6072963055,1913822.6072963055,3355823.68
2023-09-12,3003345.3820864847,3003345.3820864847,3415849.51,1956119.3609484602,1956119.3609484602,3102681.39
2023-09-13,2687903.4182595876,2687903.4182595876,2521208.91,1905029.1138716408,1905029.1138716408,2449598.89
2023-09-14,2668643.264117963,2668643.264117963,2125189.04,1856372.0441470554,1856372.0441470554,1992207.12
2023-09-15,2892267.9229497015,2892267.9229497015,3154006.65,2021839.9695118682,2021839.9695118682,2833555.37
2023-09-16,2724453.410793927,2724453.410793927,2557894.76,1952295.6558384255,1952295.6558384255,2402816.85
2023-09-17,2663543.1683117226,2663543.1683117226,1810510.0,1788233.043371982,1788233.043371982,1735920.18
2023-09-18,2705703.052950203,2705703.052950203,2355578.71,1851218.5160614902,1851218.5160614902,2098692.33
2023-09-19,2867163.3137480267,2867163.3137480267,2832515.44,2015306.540769254,2015306.540769254,2618684.64
2023-09-20,2632451.9374331697,2632451.9374331697,1813002.77,1814672.9367515536,1814672.9367515536,1685796.46
2023-09-21,2642903.5163716977,2642903.5163716977,2262085.02,1851427.85516259,1851427.85516259,2156585.58
2023-09-22,2926295.5728768418,2926295.5728768418,3106149.95,2043980.287413039,2043980.287413039,2910964.29
2023-09-23,2795293.024496607,2795293.024496607,2634119.24,1990432.422214665,1990432.422214665,2453809.45
2023-09-24,2887048.6394619793,2887048.6394619793,2896411.14,2070301.1870850276,2070301.1870850276,2694695.72
2023-09-25,2927932.7828471637,2927932.7828471637,3041369.47,2060054.5823341107,2060054.5823341107,2753150.12
2023-09-26,3031634.6949598864,3031634.6949598864,5205389.57,2233304.643101969,2233304.643101969,4849044.63
2023-09-27,3146872.374700821,3146872.374700821,4259834.95,2331542.8631092063,2331542.8631092063,3803492.23
2023-09-28,3104957.3182029366,3104957.3182029366,4257301.76,2391179.857106044,2391179.857106044,3860995.61
2023-09-29,3195591.6396058644,3195591.6396058644,4352754.23,2500663.6530461907,2500663.6530461907,4023586.93
2023-09-30,2776678.9787954856,2776678.9787954856,2551313.88,2153690.1254625875,2153690.1254625875,2332362.64
2023-10-01,2502622.069589863,2502622.069589863,1469771.93,1897943.7498246585,1897943.7498246585,1293984.1
2023-10-02,1942867.383362922,1942867.383362922,1289798.82,1356362.7245309409,1356362.7245309409,1015484.47
2023-10-03,2036928.6773432342,2036928.6773432342,2179072.88,1417820.3342197188,1417820.3342197188,1799910.69
2023-10-04,2209985.4815515564,2209985.4815515564,2751920.12,1511429.0091603245,1511429.0091603245,2302490.12
2023-10-05,1961984.4954953878,1961984.4954953878,1527341.84,1277318.4267630128,1277318.4267630128,1209546.76
2023-10-06,2144593.5652974835,2144593.5652974835,2026518.43,1229992.0749005955,1229992.0749005955,1678609.18
2023-10-07,1815742.063882087,1815742.063882087,1406363.3,1166584.3068561747,1166584.3068561747,1112130.94
2023-10-08,2067663.3960155076,2067663.3960155076,2137543.63,1329490.657124719,1329490.657124719,1805932.34
2023-10-09,2046044.666787375,2046044.666787375,1805775.79,1308057.7238245283,1308057.7238245283,1488842.7
2023-10-10,2052886.8241866955,2052886.8241866955,2356440.12,1335966.6488576718,1335966.6488576718,1975941.69
2023-10-11,2219143.889140849,2219143.889140849,2270162.6,1438138.0569600929,1438138.0569600929,1955651.17
2023-10-12,2045493.0750123933,2045493.0750123933,1976207.14,1320010.0490913284,1320010.0490913284,1617749.24
2023-10-13,2226422.800452311,2226422.800452311,2430819.33,1468971.0122813347,1468971.0122813347,1940628.06
2023-10-14,2174350.094878877,2174350.094878877,1927818.67,1356023.1877394218,1356023.1877394218,1586067.15
2023-10-15,2159336.3935493533,2159336.3935493533,1986495.19,1383549.4024603583,1383549.4024603583,1576156.75
2023-10-16,2149002.9987907927,2149002.9987907927,1897952.11,1437040.0394487616,1437040.0394487616,1655869.65
2023-10-17,2157483.923730836,2157483.923730836,2507328.8,1552617.9576303554,1552617.9576303554,2119354.36
2023-10-18,2349756.000627561,2349756.000627561,3170696.65,1678796.9689283017,1678796.9689283017,2645141.42
2023-10-19,2270759.85747938,2270759.85747938,2324314.45,1490202.6000037452,1490202.6000037452,1931007.25
2023-10-20,2576949.8615905554,2576949.8615905554,2591151.06,1656434.0560627773,1656434.0560627773,2095872.66
2023-10-21,2532441.7602956756,2532441.7602956756,2662328.56,1640407.5896553837,1640407.5896553837,2201489.2
2023-10-22,2441673.3621908906,2441673.3621908906,2407124.47,1684357.6527172464,1684357.6527172464,1949055.98
2023-10-23,2327338.458353528,2327338.458353528,1971627.46,1541215.862826113,1541215.862826113,1628494.03
2023-10-24,2317559.266062479,2317559.266062479,2678456.17,1672945.9399182296,1672945.9399182296,2245907.36
2023-10-25,2566989.1212429274,2566989.1212429274,3003375.87,1705965.7855125293,1705965.7855125293,2373976.27
2023-10-26,2483029.93870368,2483029.93870368,2345490.55,1602058.1817573246,1602058.1817573246,1902512.75
2023-10-27,2620725.843313154,2620725.843313154,2493935.72,1656968.79730924,1656968.79730924,2087492.57
2023-10-28,2805545.832651778,2805545.832651778,4210212.53,1745046.3500299694,1745046.3500299694,3513694.7
2023-10-29,3015328.0379905635,3015328.0379905635,3626939.26,1830360.8132670291,1830360.8132670291,2918150.87
2023-10-30,2930067.86960207,2930067.86960207,3130677.4,1768138.8850829531,1768138.8850829531,2518990.77
2023-10-31,2934903.3150633597,2934903.3150633597,4630791.46,1798108.4978231627,1798108.4978231627,3823758.6
2023-11-01,2708103.912749823,2708103.912749823,3025164.28,1658479.9169715487,1658479.9169715487,2504688.31
2023-11-02,1970770.2112997265,1970770.2112997265,1338326.56,1219197.3173026321,1219197.3173026321,1136192.76
2023-11-03,1497392.439248491,1497392.439248491,1253721.23,970398.8926794179,970398.8926794179,994106.82
2023-11-04,1252248.0647660024,1252248.0647660024,1065066.0,898411.8266760354,898411.8266760354,908402.36
2023-11-05,1382268.9851975366,1382268.9851975366,1826120.07,1204565.4926404394,1204565.4926404394,1592683.79
2023-11-06,1515510.5118745817,1515510.5118745817,2207719.98,1287239.467081534,1287239.467081534,1750011.7
2023-11-07,1567850.335762001,1567850.335762001,1655852.99,1208511.0634382614,1208511.0634382614,1340974.43
2023-11-08,1559178.0250310756,1559178.0250310756,1781413.12,1224399.948029691,1224399.948029691,1480654.53
2023-11-09,1245483.449123167,1245483.449123167,845358.47,948688.6108304616,948688.6108304616,699535.31
2023-11-10,1318373.7073868702,1318373.7073868702,2079598.87,1164621.2989922788,1164621.2989922788,1694276.76
2023-11-11,1445130.5411061994,1445130.5411061994,1581745.15,1177679.9548694256,1177679.9548694256,1307363.48
2023-11-12,1271561.596852544,1271561.596852544,1354235.95,1096841.4020772423,1096841.4020772423,1091940.76
2023-11-13,1567851.7490448453,1567851.7490448453,2903552.41,1265223.6849944494,1265223.6849944494,2399414.44
2023-11-14,1530655.1295621607,1530655.1295621607,1656739.7,1232515.6538815298,1232515.6538815298,1428653.75
2023-11-15,1505208.3189889533,1505208.3189889533,1547150.37,1204218.0820894376,1204218.0820894376,1239694.48
2023-11-16,1254166.1498944988,1254166.1498944988,1436853.58,1090318.7677981376,1090318.7677981376,1152791.3
2023-11-17,1354511.9129889212,1354511.9129889212,1542318.91,1218179.5575737073,1218179.5575737073,1326508.48
2023-11-18,1407089.2380912236,1407089.2380912236,2067584.69,1208387.958108376,1208387.958108376,1767319.2
2023-11-19,1441164.3683505098,1441164.3683505098,1496563.56,1164066.4255739488,1164066.4255739488,1377725.1
2023-11-20,1528508.0986945736,1528508.0986945736,1857748.24,1268894.336145176,1268894.336145176,1631718.89
2023-11-21,1457714.368540326,1457714.368540326,1349907.06,1244930.2651254304,1244930.2651254304,1276634.29
2023-11-22,1202253.3552620423,1202253.3552620423,853188.02,982925.400114287,982925.400114287,904694.78
2023-11-23,1100137.867302231,1100137.867302231,1060969.69,1054172.6508326568,1054172.6508326568,1157743.64
2023-11-24,1349570.48749422,1349570.48749422,1729664.2,1253860.7822935628,1253860.7822935628,1775190.25
2023-11-25,1391791.5389790765,1391791.5389790765,1527923.9,1245831.306059371,1245831.306059371,1576795.62
2023-11-26,1433589.3403875188,1433589.3403875188,2035639.78,1280917.0450433549,1280917.0450433549,2105948.81
2023-11-27,1938903.8603687817,1938903.8603687817,3138619.13,1454377.4997333114,1454377.4997333114,3283279.48
2023-11-28,1993160.3468973446,1993160.3468973446,2104917.42,1462342.48379649,1462342.48379649,2152332.4
2023-11-29,1946027.2427040285,1946027.2427040285,2558728.79,1441169.6461333768,1441169.6461333768,2694391.19
2023-11-30,1694951.4568001947,1694951.4568001947,1317689.52,1322111.3593900558,1322111.3593900558,1346354.39
2023-12-01,1655151.0459804847,1655151.0459804847,1668445.9,1263332.6236893006,1263332.6236893006,1683082.9
2023-12-02,1232046.8908596737,1232046.8908596737,720381.04,1024748.2848126772,1024748.2848126772,726739.78
2023-12-03,1044440.149916357,1044440.149916357,753704.17,881859.3158826415,881859.3158826415,751384.0
2023-12-04,981174.3061210244,981174.3061210244,664409.51,881240.240062551,881240.240062551,678890.04
2023-12-05,1284453.095436292,1284453.095436292,1607335.1,1130857.2418372957,1130857.2418372957,1688255.85
2023-12-06,1341484.1869348814,1341484.1869348814,1436188.44,1123503.6936730384,1123503.6936730384,1460346.38
2023-12-07,1105861.7340186008,1105861.7340186008,760218.13,902036.6109830042,902036.6109830042,731672.82
2023-12-08,987489.859854684,987489.859854684,818209.67,851987.751309015,851987.751309015,832757.07
2023-12-09,1372416.4556946938,1372416.4556946938,1323267.85,1125980.9751377304,1125980.9751377304,1366777.35
2023-12-10,1474779.2872609475,1474779.2872609475,1598936.84,1168657.6537878662,1168657.6537878662,1616981.65
2023-12-11,1525431.8190188762,1525431.8190188762,1420910.74,1222405.9733486185,1222405.9733486185,1526398.5
2023-12-12,1593964.631215517,1593964.631215517,1983085.06,1279730.1836328332,1279730.1836328332,2071778.79
2023-12-13,1559573.286004794,1559573.286004794,1652309.19,1214893.1243210298,1214893.1243210298,1687562.98
2023-12-14,1504831.1263164633,1504831.1263164633,1662243.59,1166711.4034307553,1166711.4034307553,1688191.22
2023-12-15,1532054.7232349603,1532054.7232349603,1494318.64,1227205.0785920317,1227205.0785920317,1554407.68
2023-12-16,1597539.2943896449,1597539.2943896449,1482192.97,1223072.1808855252,1223072.1808855252,1521540.05
2023-12-17,1590853.4806054567,1590853.4806054567,1302193.74,1207372.6724427908,1207372.6724427908,1321522.92
2023-12-18,1724906.150868121,1724906.150868121,2201374.59,1321080.188657017,1321080.188657017,2308997.06
2023-12-19,2002994.0050785858,2002994.0050785858,2250767.39,1362399.1582126361,1362399.1582126361,2245767.23
2023-12-20,1981949.6984568741,1981949.6984568741,2026810.08,1258760.7637935355,1258760.7637935355,2053084.16
2023-12-21,1921462.2816519968,1921462.2816519968,1795395.02,1284550.3692694365,1284550.3692694365,1806884.57
2023-12-22,1922756.3994113281,1922756.3994113281,1791622.46,1279863.9447627466,1279863.9447627466,1773829.08
2023-12-23,1896359.526771912,1896359.526771912,1501209.11,1267436.5163493133,1267436.5163493133,1499234.75
2023-12-24,1828278.8561547492,1828278.8561547492,1390870.89,1305997.8873767569,1305997.8873767569,1401661.67
2023-12-25,1469112.7633453032,1469112.7633453032,1136772.53,1158154.0394979771,1158154.0394979771,1160100.63
2023-12-26,1554177.5697725113,1554177.5697725113,2110830.12,1316350.0811284925,1316350.0811284925,2160963.69
2023-12-27,1712558.4152475828,1712558.4152475828,2100553.66,1330432.3804116684,1330432.3804116684,2184872.24
2023-12-28,2258794.8470209106,2258794.8470209106,3448729.2,1484691.564290738,1484691.564290738,3513621.0
2023-12-29,2532079.9868467017,2532079.9868467017,3083944.33,1679507.8206822884,1679507.8206822884,3170787.1
2023-12-30,2445505.8248981605,2445505.8248981605,2884668.76,1636829.4473077871,1636829.4473077871,3022292.15
2023-12-31,2353343.046385134,2353343.046385134,2383037.48,1490295.3924931851,1490295.3924931851,2279288.13
2024-01-01,1660378.6060559177,1660378.6060559177,4037687.425,1413069.0226725491,1413069.0226725491,3744709.69
2024-01-02,1263750.72838123,1263750.72838123,1686987.09,1217137.179500792,1217137.179500792,1328128.59
2024-01-03,1106058.8160008239,1106058.8160008239,1202350.63,876694.6256083745,876694.6256083745,964502.715
2024-01-04,1017490.163769478,1017490.163769478,1299525.91,841787.9016762249,841787.9016762249,1045043.68
2024-01-05,1025230.4688663685,1025230.4688663685,1536642.4300000002,855675.8910310457,855675.8910310457,1238032.94
2024-01-06,995210.560392609,995210.560392609,1748400.26,842443.968079132,842443.968079132,1374462.43
2024-01-07,1011965.2569035802,1011965.2569035802,1958752.3900000001,849598.4911190089,849598.4911190089,1557403.33
2024-01-08,1023352.8707143243,1023352.8707143243,1982959.76,1054027.9972915077,1054027.9972915077,1588933.095
2024-01-09,965037.0521290349,965037.0521290349,2097308.75,1007877.9684814102,1007877.9684814102,1667361.205
2024-01-10,1009462.140868293,1009462.140868293,2160352.335,1025522.5582389615,1025522.5582389615,1722484.905
2024-01-11,1033289.6192114454,1033289.6192114454,2205499.35,884858.7640041684,884858.7640041684,1740056.345
2024-01-12,1004451.7596698229,1004451.7596698229,2300348.04,841643.025967996,841643.025967996,1838189.125
2024-01-13,1004530.4752092076,1004530.4752092076,2368021.85,826063.9750342252,826063.9750342252,1952789.0950000002
2024-01-14,1024731.7512197403,1024731.7512197403,2293903.35,867374.0901547269,867374.0901547269,1785449.195
2024-01-15,984550.1233648957,984550.1233648957,2231638.3,976979.6930227709,976979.6930227709,1813398.315
2024-01-16,983190.4478242141,983190.4478242141,2035054.77,1015809.2366629762,1015809.2366629762,1708648.3900000001
2024-01-17,1059700.7597996725,1059700.7597996725,2372395.965,1072569.9773543389,1072569.9773543389,1909279.4100000001
2024-01-18,1041934.795880234,1041934.795880234,2104777.545,995074.6026996037,995074.6026996037,1634036.52
2024-01-19,1032861.6779086711,1032861.6779086711,2269835.765,899793.3711761265,899793.3711761265,1828576.905
2024-01-20,1048769.3122340136,1048769.3122340136,2489093.855,876496.8994322568,876496.8994322568,2013503.025
2024-01-21,1071151.4085564918,1071151.4085564918,2544082.44,887535.4576035158,887535.4576035158,1995613.3900000001
2024-01-22,1050216.609825848,1050216.609825848,2561030.915,1013540.4630338331,1013540.4630338331,2127666.495
2024-01-23,1029262.570279985,1029262.570279985,2769859.3049999997,1022241.9814383468,1022241.9814383468,2235813.425
2024-01-24,1013010.0298634969,1013010.0298634969,2523207.75,1081065.5947588116,1081065.5947588116,2058682.395
2024-01-25,1034490.8788173983,1034490.8788173983,2346082.83,1085402.3655957107,1085402.3655957107,1933526.0350000001
2024-01-26,1073617.9418654365,1073617.9418654365,2919117.9699999997,1139206.1806028357,1139206.1806028357,2334231.995
2024-01-27,1064412.5300233457,1064412.5300233457,3366957.3499999996,1063613.297951207,1063613.297951207,2710749.025
2024-01-28,1104534.8282146584,1104534.8282146584,4680262.050000001,1146043.9486083505,1146043.9486083505,3691669.995
2024-01-29,1133591.8797289978,1133591.8797289978,4862976.895,1225675.7635729706,1225675.7635729706,3972392.17
2024-01-30,1093225.6100726025,1093225.6100726025,4129394.765,1252949.406291153,1252949.406291153,3338700.88
2024-01-31,1081278.0145194193,1081278.0145194193,3644656.415,1148411.0688784432,1148411.0688784432,2926524.01
2024-02-01,1127675.5475037678,1127675.5475037678,3713359.135,1158586.0864943934,1158586.0864943934,3030919.75
2024-02-02,1103740.2364214591,1103740.2364214591,2367131.9699999997,1138787.6386185498,1138787.6386185498,1900145.245
2024-02-03,1107581.8998826274,1107581.8998826274,2016488.545,965792.175704396,965792.175704396,1565876.21
2024-02-04,1086746.6794454472,1086746.6794454472,2503890.755,900692.4163625786,900692.4163625786,2098071.255
2024-02-05,1063714.1558267374,1063714.1558267374,2468330.1,1031471.7479539111,1031471.7479539111,2029580.125
2024-02-06,1030659.51832967,1030659.51832967,2364492.75,1045114.8376772878,1045114.8376772878,1942613.97
2024-02-07,1066537.518132052,1066537.518132052,2772223.74,1088772.6410751322,1088772.6410751322,2210977.655
2024-02-08,1044354.618707258,1044354.618707258,2254117.205,995488.021553005,995488.021553005,1842371.25
2024-02-09,1113563.9772315866,1113563.9772315866,2360579.77,1062350.8364510713,1062350.8364510713,1935706.34
2024-02-10,1137093.1608916023,1137093.1608916023,2701166.42,1096493.8190018458,1096493.8190018458,2188838.96
2024-02-11,1128672.0005891037,1128672.0005891037,3032147.7649999997,1085835.647753763,1085835.647753763,2529112.19
2024-02-12,1168981.9745722027,1168981.9745722027,3462741.73,1270654.1611754661,1270654.1611754661,2762906.2199999997
2024-02-13,1169062.607430085,1169062.607430085,3173515.135,1259189.7292566192,1259189.7292566192,2614810.5
2024-02-14,1187303.9589881399,1187303.9589881399,3122914.9749999996,1285270.3981544224,1285270.3981544224,2599361.8600000003
2024-02-15,1169627.6620045975,1169627.6620045975,2892263.955,1253090.9467767274,1253090.9467767274,2298648.735
2024-02-16,1211234.4281830227,1211234.4281830227,3401587.425,1291438.0815186854,1291438.0815186854,2702796.7800000003
2024-02-17,1176933.031637323,1176933.031637323,3230478.23,1257058.9447862548,1257058.9447862548,2701166.185
2024-02-18,1198991.9330314968,1198991.9330314968,3601868.91,1268592.8534066894,1268592.8534066894,2984150.035
2024-02-19,1209571.4003512217,1209571.4003512217,3989988.27,1325384.022561502,1325384.022561502,3223877.15
2024-02-20,1201262.7382506784,1201262.7382506784,3333492.52,1319653.535832553,1319653.535832553,2798033.94
2024-02-21,1184500.8543374971,1184500.8543374971,3403591.93,1276098.9775678928,1276098.9775678928,2708861.16
2024-02-22,1214219.6139024145,1214219.6139024145,3590747.51,1276470.0825833303,1276470.0825833303,2994516.4349999996
2024-02-23,1210562.2390816512,1210562.2390816512,4141791.585,1332087.602859229,1332087.602859229,3313100.38
2024-02-24,1193770.1176554442,1193770.1176554442,4828390.19,1312427.7274987926,1312427.7274987926,3864253.2
2024-02-25,1207033.4487972627,1207033.4487972627,6789764.785,1332487.810578125,1332487.810578125,5517241.02
2024-02-26,1245107.161192604,1245107.161192604,6645438.115,1480257.3709728853,1480257.3709728853,5477726.35
2024-02-27,1293586.019995169,1293586.019995169,5684553.215,1514941.1145252732,1514941.1145252732,4799394.75
2024-02-28,1344641.2559869527,1344641.2559869527,4742653.265000001,1548852.9348897832,1548852.9348897832,3858261.4699999997
2024-02-29,1362198.893652419,1362198.893652419,3833921.355,1557352.7849743864,1557352.7849743864,3152827.945
2024-03-01,1374800.821345689,1374800.821345689,897375.6900000001,1635868.2217536957,1635868.2217536957,758817.065
2024-03-02,1317232.511280136,1317232.511280136,1247095.4449999998,1408910.5330131361,1408910.5330131361,1035224.5
2024-03-03,1347952.1065302596,1347952.1065302596,2052202.1,1242823.259750992,1242823.259750992,1638833.5899999999
2024-03-04,1343773.718147365,1343773.718147365,2413404.66,1198187.2294595765,1198187.2294595765,1933128.295
2024-03-05,1332314.687526732,1332314.687526732,3294549.465,1311389.7770643248,1311389.7770643248,2683855.8049999997
2024-03-06,1365292.2388260292,1365292.2388260292,3194021.0949999997,1362689.7714594186,1362689.7714594186,2623965.25
2024-03-07,1339320.5608152584,1339320.5608152584,3599960.25,1466044.0611371917,1466044.0611371917,2884081.2649999997
2024-03-08,1380563.3149893577,1380563.3149893577,3545824.235,1629113.362190599,1629113.362190599,2879899.395
2024-03-09,1326338.097522578,1326338.097522578,3527989.49,1599949.7330349644,1599949.7330349644,2887698.38
2024-03-10,1379812.2908353917,1379812.2908353917,4317024.225,1653167.902601056,1653167.902601056,3385723.2
2024-03-11,1343581.1704255461,1343581.1704255461,3828375.16,1634141.4875547574,1634141.4875547574,3272111.615
2024-03-12,1347191.919583268,1347191.919583268,4631113.635,1636814.8918864373,1636814.8918864373,3822792.245
2024-03-13,1363341.897145393,1363341.897145393,4682302.105,1645364.193542349,1645364.193542349,3689078.6399999997
2024-03-14,1324392.5833779457,1324392.5833779457,4866061.455,1596327.0830357473,1596327.0830357473,3957878.33
2024-03-15,1389115.914848908,1389115.914848908,4593812.02,1710547.6589092154,1710547.6589092154,3751706.4450000003
2024-03-16,1383956.2091109487,1383956.2091109487,5457261.48,1694876.6913154682,1694876.6913154682,4522591.1
2024-03-17,1386193.5844964301,1386193.5844964301,5566312.605,1690478.3848366549,1690478.3848366549,4575531.859999999
2024-03-18,1394754.4547589214,1394754.4547589214,4883746.445,1712188.778606172,1712188.778606172,4198795.975
2024-03-19,1324153.1157816425,1324153.1157816425,5283458.42,1648892.4176561818,1648892.4176561818,4529531.195
2024-03-20,1337263.8021758003,1337263.8021758003,4640597.154999999,1667185.5603983987,1667185.5603983987,3982351.2199999997
2024-03-21,1322383.7840378294,1322383.7840378294,4976729.38,1640940.124254695,1640940.124254695,4555879.365
2024-03-22,1377916.4826090452,1377916.4826090452,5206115.49,1684262.426238339,1684262.426238339,4695179.53
2024-03-23,1369940.072446692,1369940.072446692,5157869.970000001,1677192.731934244,1677192.731934244,4682137.695
2024-03-24,1377769.4978570938,1377769.4978570938,4909025.715,1682348.6249814387,1682348.6249814387,4397805.225
2024-03-25,1385861.6957514402,1385861.6957514402,5681479.59,1723918.8486119865,1723918.8486119865,5166349.455
2024-03-26,1317406.3629393817,1317406.3629393817,5774043.925000001,1657600.2916771916,1657600.2916771916,5266941.765000001
2024-03-27,1360763.825876831,1360763.825876831,5844678.705,1812073.2411368152,1812073.2411368152,5255331.29
2024-03-28,1350333.4329483847,1350333.4329483847,5689535.675000001,1904867.6441688002,1904867.6441688002,5142191.535
2024-03-29,1381822.4476639533,1381822.4476639533,11640101.555,1943647.3947057277,1943647.3947057277,10748112.395
2024-03-30,1379323.2683062495,1379323.2683062495,10366886.375,1933392.4198761848,1933392.4198761848,9465164.46
2024-03-31,1388405.9987067909,1388405.9987067909,9820384.75,1964574.548320055,1964574.548320055,8870626.934999999
2024-04-01,1359968.701347359,1359968.701347359,9144399.84,2068690.2782131862,2068690.2782131862,8351529.02
2024-04-02,1339823.8593648146,1339823.8593648146,8958402.555,1952347.150452556,1952347.150452556,8022399.465
2024-04-03,1322568.192499155,1322568.192499155,3797243.15,1904281.0726659992,1904281.0726659992,3444896.67
2024-04-04,1327439.3800114838,1327439.3800114838,3045649.36,1843221.062357682,1843221.062357682,2709756.865
2024-04-05,1366642.2369551992,1366642.2369551992,3690083.565,1828531.175616005,1828531.175616005,3256210.5549999997
2024-04-06,1374546.548568439,1374546.548568439,3466673.7649999997,1827515.5786751863,1827515.5786751863,3116705.31
2024-04-07,1366258.7249253963,1366258.7249253963,3914738.175,1838197.6251308843,1838197.6251308843,3468712.795
2024-04-08,1348349.3671421579,1348349.3671421579,4308563.49,1836070.205023146,1836070.205023146,3876463.31
2024-04-09,1361112.0984827583,1361112.0984827583,4747010.145,1848271.7524242043,1848271.7524242043,4333391.85
2024-04-10,1349898.585436048,1349898.585436048,4571585.52,1872791.0727602863,1872791.0727602863,4249871.21
2024-04-11,1327150.6924703978,1327150.6924703978,4612894.305,1839623.0698858579,1839623.0698858579,4168438.145
2024-04-12,1376031.4614249945,1376031.4614249945,4950678.555,1823574.0372839672,1823574.0372839672,4520370.3
2024-04-13,1370554.5273371988,1370554.5273371988,5132698.66,1951865.6294476758,1951865.6294476758,4663739.555
2024-04-14,1369824.6386863089,1369824.6386863089,5143188.85,2021510.9540428296,2021510.9540428296,4448493.345
2024-04-15,1366823.5107162008,1366823.5107162008,5719051.025,2025544.6555215453,2025544.6555215453,4684518.890000001
2024-04-16,1328331.516879994,1328331.516879994,6019623.654999999,2041351.2521627708,2041351.2521627708,5015964.05
2024-04-17,1360273.1887620932,1360273.1887620932,6118541.154999999,1981933.6261448695,1981933.6261448695,4857913.08
2024-04-18,1361846.4292500294,1361846.4292500294,6248135.449999999,1957025.7625844253,1957025.7625844253,4899438.325
2024-04-19,1338983.7409149085,1338983.7409149085,6215252.025,1985647.8591222921,1985647.8591222921,4893659.26
2024-04-20,1374374.9328261835,1374374.9328261835,5919959.7,1921393.553001255,1921393.553001255,4710766.665
2024-04-21,1346866.4230293813,1346866.4230293813,6183307.105,1839129.9138612554,1839129.9138612554,4876995.25
2024-04-22,1383352.8727485442,1383352.8727485442,6995593.42,1865609.3306498658,1865609.3306498658,5607873.994999999
2024-04-23,1333051.2293508635,1333051.2293508635,6669775.654999999,1910826.3132746918,1910826.3132746918,5285202.005000001
2024-04-24,1317233.0319857916,1317233.0319857916,7651561.109999999,1946025.4062432002,1946025.4062432002,6173434.525
2024-04-25,1296409.0143197703,1296409.0143197703,6719138.96,1936309.6691595085,1936309.6691595085,5343195.9
2024-04-26,1326118.3877189576,1326118.3877189576,7168207.199999999,1966721.7907909958,1966721.7907909958,5697362.865
2024-04-27,1303073.5802547482,1303073.5802547482,8986290.885000002,1982825.0406282882,1982825.0406282882,7143063.859999999
2024-04-28,1359759.0448323232,1359759.0448323232,12617667.375,2059663.4793148243,2059663.4793148243,10091099.675
2024-04-29,1351321.0345302103,1351321.0345302103,11827239.09,2093316.8111862862,2093316.8111862862,9461258.379999999
2024-04-30,1344155.6164869608,1344155.6164869608,10949695.59,2089439.9595419636,2089439.9595419636,8637476.61
2024-05-01,1311739.0957967506,1311739.0957967506,8994387.16,1994522.807408843,1994522.807408843,7140377.975
2024-05-02,1305814.0628543184,1305814.0628543184,8037949.984999999,2015130.961618817,2015130.961618817,6416503.734999999
2024-05-03,1358366.3568929525,1358366.3568929525,3153445.83,1920188.0180156298,1920188.0180156298,2509208.75
2024-05-04,1325390.6335925055,1325390.6335925055,4078912.49,1808228.105975131,1808228.105975131,3332666.76
2024-05-05,1355389.6970828404,1355389.6970828404,4027502.2649999997,1832325.6513093382,1832325.6513093382,3190427.44
2024-05-06,1356958.5051272956,1356958.5051272956,4328445.045,1843986.1038124026,1843986.1038124026,3513885.615
2024-05-07,1299636.0265375313,1299636.0265375313,4835201.675000001,1775305.9046298645,1775305.9046298645,3761748.45
2024-05-08,1327082.8945272998,1327082.8945272998,4037770.21,1717603.8102640389,1717603.8102640389,3231422.245
2024-05-09,1343991.6675917108,1343991.6675917108,4691996.755,1681543.2671482682,1681543.2671482682,3671125.02
2024-05-10,1356542.3422408246,1356542.3422408246,5161421.51,1692029.3965934394,1692029.3965934394,4113864.4299999997
2024-05-11,1348122.3259841066,1348122.3259841066,5282730.365,1698127.230906507,1698127.230906507,4238823.885
2024-05-12,1305368.4417914322,1305368.4417914322,5784931.125,1671943.3656576294,1671943.3656576294,4675400.405
2024-05-13,1330556.4294184844,1330556.4294184844,6142154.92,1712920.1151999105,1712920.1151999105,4901933.68
2024-05-14,1350037.4617755006,1350037.4617755006,6435057.220000001,1816932.1702562526,1816932.1702562526,5119622.904999999
2024-05-15,1349776.671473903,1349776.671473903,6411466.699999999,1963430.4610264422,1963430.4610264422,5069413.425
2024-05-16,1307951.0356885751,1307951.0356885751,6497048.48,1922783.761114462,1922783.761114462,5170870.415
2024-05-17,1339624.5279211537,1339624.5279211537,6571742.275,1920315.613484879,1920315.613484879,5352293.705
2024-05-18,1346126.04331632,1346126.04331632,6271167.699999999,1891443.6182637024,1891443.6182637024,5055896.98
2024-05-19,1301867.8976116544,1301867.8976116544,6023584.49,1759372.569826246,1759372.569826246,4894568.84
2024-05-20,1340086.300005625,1340086.300005625,5838176.38,1712473.5023907265,1712473.5023907265,4614655.75
2024-05-21,1324005.1205163852,1324005.1205163852,6913661.665,1704741.3484811832,1704741.3484811832,5572161.75
2024-05-22,1293886.4693532207,1293886.4693532207,6125619.61,1642656.918196791,1642656.918196791,4908587.970000001
2024-05-23,1327300.8418665805,1327300.8418665805,6147457.265000001,1668907.1275359523,1668907.1275359523,4889025.745
2024-05-24,1314617.51733906,1314617.51733906,6536177.805,1721669.2794317396,1721669.2794317396,5310482.475
2024-05-25,1273575.1604085832,1273575.1604085832,5942448.0600000005,1711389.7179449692,1711389.7179449692,4868837.665
2024-05-26,1310416.2064569623,1310416.2064569623,6627967.3,1725116.4459229095,1725116.4459229095,5256744.055
2024-05-27,1270644.3032612472,1270644.3032612472,6599992.4399999995,1633521.3577640813,1633521.3577640813,5269499.605
2024-05-28,1264610.9874013788,1264610.9874013788,7401519.96,1696144.2110637238,1696144.2110637238,5908457.975
2024-05-29,1299717.4836458322,1299717.4836458322,11694417.015,1780042.264356965,1780042.264356965,9238642.76
2024-05-30,1283006.3883964347,1283006.3883964347,12636147.0,1806632.0046920786,1806632.0046920786,10063825.73
2024-05-31,1315856.1482233342,1315856.1482233342,12122055.305,1943091.5324469458,1943091.5324469458,9554530.434999999
2024-06-01,1312351.143230487,1312351.143230487,10245521.145,1971056.369657383,1971056.369657383,8149038.22
2024-06-02,1320485.776580662,1320485.776580662,8422974.3,2023852.4206504768,2023852.4206504768,6655373.785
2024-06-03,1293630.772151575,1293630.772151575,4381224.875,1800927.7098109317,1800927.7098109317,3535410.5250000004
2024-06-04,1262297.6647420397,1262297.6647420397,4116666.5599999996,1722302.2131413152,1722302.2131413152,3259728.88
2024-06-05,1318249.6563699318,1318249.6563699318,4480147.885,1666403.4713074318,1666403.4713074318,3579156.3
2024-06-06,1306685.9313894382,1306685.9313894382,4183500.575,1655376.513176861,1655376.513176861,3357898.6799999997
2024-06-07,1267232.1103391496,1267232.1103391496,4810465.87,1612936.7993295295,1612936.7993295295,3866750.255
2024-06-08,1261397.6175786497,1261397.6175786497,5000320.305,1609780.845334201,1609780.845334201,4056006.84
2024-06-09,1311788.4087869222,1311788.4087869222,5557196.945,1652831.0753545072,1652831.0753545072,4406130.895
2024-06-10,1331837.9406215653,1331837.9406215653,5088966.720000001,1681950.645307046,1681950.645307046,4046056.5549999997
2024-06-11,1249900.8837819623,1249900.8837819623,6073930.279999999,1611350.4936695243,1611350.4936695243,4830936.97
2024-06-12,1297789.7862533212,1297789.7862533212,5448142.27,1649524.0716215875,1649524.0716215875,4301413.995
2024-06-13,1294927.7429040635,1294927.7429040635,5515433.525,1721084.8583117935,1721084.8583117935,4431356.125
2024-06-14,1276975.9845563332,1276975.9845563332,5709140.595000001,1694779.7670478316,1694779.7670478316,4599214.52
2024-06-15,1271848.3061884393,1271848.3061884393,6468863.915,1717417.693207899,1717417.693207899,5195905.640000001
2024-06-16,1322883.6980462824,1322883.6980462824,6631527.9,1721013.065214968,1721013.065214968,5417689.47
2024-06-17,1318527.4305674373,1318527.4305674373,5992716.9,1749678.8419674528,1749678.8419674528,4712625.8149999995
2024-06-18,1294192.4870327353,1294192.4870327353,5470499.43,1695561.3965533206,1695561.3965533206,4316912.4350000005
2024-06-19,1305433.9039380057,1305433.9039380057,5718292.734999999,1690228.229297671,1690228.229297671,4520515.4399999995
2024-06-20,1302499.8537127594,1302499.8537127594,5530612.675000001,1691026.3635653183,1691026.3635653183,4397105.655
2024-06-21,1307781.4683622466,1307781.4683622466,6026674.96,1708388.9846499355,1708388.9846499355,4866495.734999999
2024-06-22,1314011.3807812608,1314011.3807812608,6185424.734999999,1678821.8252088178,1678821.8252088178,5042803.485
2024-06-23,1316288.680126499,1316288.680126499,6178896.085,1727209.4469053126,1727209.4469053126,5522511.609999999
2024-06-24,1314725.915029431,1314725.915029431,6562152.455,1730351.5816174687,1730351.5816174687,5807004.645
2024-06-25,1264824.4717981569,1264824.4717981569,5726883.445,1662046.7524958162,1662046.7524958162,5222343.46
2024-06-26,1257534.0094426803,1257534.0094426803,6061622.02,1649240.949738752,1649240.949738752,5851932.33
2024-06-27,1250901.062909268,1250901.062909268,6500671.859999999,1729903.230031592,1729903.230031592,6266682.725
2024-06-28,1312971.8394721542,1312971.8394721542,8896998.885,1768171.3278189236,1768171.3278189236,8665665.78
2024-06-29,1315089.4354071897,1315089.4354071897,8166551.495,1770976.000943347,1770976.000943347,7964659.654999999
2024-06-30,1304670.8691357735,1304670.8691357735,7595120.85,1777208.0317571817,1777208.0317571817,7389067.885
2024-07-01,1299751.518700802,1299751.518700802,7623197.365,1834960.24960421,1834960.24960421,7335298.76
